study,pair,variant,raw_seconds,monotonic_seconds,peak_rss_kib,user_seconds,system_seconds,compiler_sha256,assembly_sha256,raw_before_ns,raw_after_ns
screen-comparison,warmup,base,12.731030541,12.754532916,301436,12.3,0.41,14430a88cd8522f1c20a458f75496cda50e8ac0a0adc22b34003e4a23bede09a,7a2a404f901425d201f2aeac9ee67c6f1ccbd79843fb7b00084fb22f25dfb0eb,4201998996075,4214730026616
screen-comparison,warmup,hash,12.629770273,12.646987294,301180,12.1,0.5,508ca6a0923280bb2c7eb30562164268659756424279813deaf593c5d255b218,7a2a404f901425d201f2aeac9ee67c6f1ccbd79843fb7b00084fb22f25dfb0eb,4214963496188,4227593266461
screen-comparison,warmup,hash-io,12.520266801,12.429879166,301308,12.06,0.42,6e705cfd7efb1d711d4a8721727d9937a42e29856d7e7cafa1ded7f4a1af707f,7a2a404f901425d201f2aeac9ee67c6f1ccbd79843fb7b00084fb22f25dfb0eb,4227850440360,4240370707161
screen-comparison,warmup,frame32,12.596968268,12.709548288,301536,12.15,0.43,583265724ab9f673032c6f624eb741d839fc81b43d4737cffec7a8e9e89897ad,7a2a404f901425d201f2aeac9ee67c6f1ccbd79843fb7b00084fb22f25dfb0eb,4240622926895,4253219895163
screen-comparison,pair1,base,13.289997546,13.225773589,301180,12.76,0.51,14430a88cd8522f1c20a458f75496cda50e8ac0a0adc22b34003e4a23bede09a,7a2a404f901425d201f2aeac9ee67c6f1ccbd79843fb7b00084fb22f25dfb0eb,4253454632191,4266744629737
screen-comparison,pair1,hash,12.298077519,12.335713152,301308,11.8,0.47,508ca6a0923280bb2c7eb30562164268659756424279813deaf593c5d255b218,7a2a404f901425d201f2aeac9ee67c6f1ccbd79843fb7b00084fb22f25dfb0eb,4266987327020,4279285404539
screen-comparison,pair1,hash-io,12.214789149,12.224274983,301308,11.77,0.43,6e705cfd7efb1d711d4a8721727d9937a42e29856d7e7cafa1ded7f4a1af707f,7a2a404f901425d201f2aeac9ee67c6f1ccbd79843fb7b00084fb22f25dfb0eb,4279518768465,4291733557614
screen-comparison,pair1,frame32,12.942355388,12.848737151,301280,12.46,0.45,583265724ab9f673032c6f624eb741d839fc81b43d4737cffec7a8e9e89897ad,7a2a404f901425d201f2aeac9ee67c6f1ccbd79843fb7b00084fb22f25dfb0eb,4291975386858,4304917742246
screen-comparison,pair2,frame32,12.497837875,12.609204921,301536,12.05,0.41,583265724ab9f673032c6f624eb741d839fc81b43d4737cffec7a8e9e89897ad,7a2a404f901425d201f2aeac9ee67c6f1ccbd79843fb7b00084fb22f25dfb0eb,4305186631818,4317684469693
screen-comparison,pair2,hash-io,12.23690434,12.185742447,301308,11.8,0.4,6e705cfd7efb1d711d4a8721727d9937a42e29856d7e7cafa1ded7f4a1af707f,7a2a404f901425d201f2aeac9ee67c6f1ccbd79843fb7b00084fb22f25dfb0eb,4317920209923,4330157114263
screen-comparison,pair2,hash,12.893306195,12.906564281,301308,12.45,0.41,508ca6a0923280bb2c7eb30562164268659756424279813deaf593c5d255b218,7a2a404f901425d201f2aeac9ee67c6f1ccbd79843fb7b00084fb22f25dfb0eb,4330399221995,4343292528190
screen-comparison,pair2,base,13.014967734,13.036220499,301308,12.57,0.42,14430a88cd8522f1c20a458f75496cda50e8ac0a0adc22b34003e4a23bede09a,7a2a404f901425d201f2aeac9ee67c6f1ccbd79843fb7b00084fb22f25dfb0eb,4343562591152,4356577558886
screen-comparison,pair3,base,13.034632904,12.941108811,301180,12.52,0.49,14430a88cd8522f1c20a458f75496cda50e8ac0a0adc22b34003e4a23bede09a,7a2a404f901425d201f2aeac9ee67c6f1ccbd79843fb7b00084fb22f25dfb0eb,4356838616002,4369873248906
screen-comparison,pair3,hash,12.519324572,12.640608325,301308,12.13,0.37,508ca6a0923280bb2c7eb30562164268659756424279813deaf593c5d255b218,7a2a404f901425d201f2aeac9ee67c6f1ccbd79843fb7b00084fb22f25dfb0eb,4370121504973,4382640829545
screen-comparison,pair3,hash-io,12.117971341,12.060716703,301180,11.74,0.34,6e705cfd7efb1d711d4a8721727d9937a42e29856d7e7cafa1ded7f4a1af707f,7a2a404f901425d201f2aeac9ee67c6f1ccbd79843fb7b00084fb22f25dfb0eb,4382876987515,4394994958856
screen-comparison,pair3,frame32,12.726256713,12.751979137,301264,12.29,0.41,583265724ab9f673032c6f624eb741d839fc81b43d4737cffec7a8e9e89897ad,7a2a404f901425d201f2aeac9ee67c6f1ccbd79843fb7b00084fb22f25dfb0eb,4395232846804,4407959103517
calls-comparison,warmup,hash-io,12.421345248,12.345964066,304508,11.97,0.44,6e705cfd7efb1d711d4a8721727d9937a42e29856d7e7cafa1ded7f4a1af707f,7a2a404f901425d201f2aeac9ee67c6f1ccbd79843fb7b00084fb22f25dfb0eb,4546090785645,4558512130893
calls-comparison,warmup,native-calls,10.609799151,10.641459972,303776,10.14,0.44,fc1eaf90e192f7d1cfd40710a6952f87b811852364b0696b710b860365fc917a,7a2a404f901425d201f2aeac9ee67c6f1ccbd79843fb7b00084fb22f25dfb0eb,4558772038153,4569381837304
calls-comparison,warmup,native-calls-frame32,10.503845384,10.53636883,303976,10.03,0.45,cc0ad0bf7d4e5f2b130a7fa0451e742db8e25438537595ea75b76932734c1680,7a2a404f901425d201f2aeac9ee67c6f1ccbd79843fb7b00084fb22f25dfb0eb,4569616382294,4580120227678
calls-comparison,pair1,hash-io,12.104678054,12.025889079,304508,11.65,0.43,6e705cfd7efb1d711d4a8721727d9937a42e29856d7e7cafa1ded7f4a1af707f,7a2a404f901425d201f2aeac9ee67c6f1ccbd79843fb7b00084fb22f25dfb0eb,4580362291550,4592466969604
calls-comparison,pair1,native-calls,10.647287873,10.71769881,303776,10.16,0.45,fc1eaf90e192f7d1cfd40710a6952f87b811852364b0696b710b860365fc917a,7a2a404f901425d201f2aeac9ee67c6f1ccbd79843fb7b00084fb22f25dfb0eb,4592713894616,4603361182489
calls-comparison,pair1,native-calls-frame32,10.454934048,10.457377535,303976,10.0,0.43,cc0ad0bf7d4e5f2b130a7fa0451e742db8e25438537595ea75b76932734c1680,7a2a404f901425d201f2aeac9ee67c6f1ccbd79843fb7b00084fb22f25dfb0eb,4603603223567,4614058157615
calls-comparison,pair2,native-calls-frame32,10.513192557,10.438926158,303976,10.06,0.42,cc0ad0bf7d4e5f2b130a7fa0451e742db8e25438537595ea75b76932734c1680,7a2a404f901425d201f2aeac9ee67c6f1ccbd79843fb7b00084fb22f25dfb0eb,4614308317926,4624821510483
calls-comparison,pair2,native-calls,10.666448989,10.744716835,303776,10.18,0.45,fc1eaf90e192f7d1cfd40710a6952f87b811852364b0696b710b860365fc917a,7a2a404f901425d201f2aeac9ee67c6f1ccbd79843fb7b00084fb22f25dfb0eb,4625107492724,4635773941713
calls-comparison,pair2,hash-io,12.277943665,12.266193416,304252,11.85,0.39,6e705cfd7efb1d711d4a8721727d9937a42e29856d7e7cafa1ded7f4a1af707f,7a2a404f901425d201f2aeac9ee67c6f1ccbd79843fb7b00084fb22f25dfb0eb,4636008987889,4648286931554
calls-comparison,pair3,hash-io,12.140940444,12.048008578,304508,11.75,0.37,6e705cfd7efb1d711d4a8721727d9937a42e29856d7e7cafa1ded7f4a1af707f,7a2a404f901425d201f2aeac9ee67c6f1ccbd79843fb7b00084fb22f25dfb0eb,4648557775184,4660698715628
calls-comparison,pair3,native-calls,10.611268233,10.740188546,303904,10.14,0.46,fc1eaf90e192f7d1cfd40710a6952f87b811852364b0696b710b860365fc917a,7a2a404f901425d201f2aeac9ee67c6f1ccbd79843fb7b00084fb22f25dfb0eb,4660970350264,4671581618497
calls-comparison,pair3,native-calls-frame32,10.289020456,10.250432164,303848,9.89,0.37,cc0ad0bf7d4e5f2b130a7fa0451e742db8e25438537595ea75b76932734c1680,7a2a404f901425d201f2aeac9ee67c6f1ccbd79843fb7b00084fb22f25dfb0eb,4671824629576,4682113650032
last-candidates,warmup,main,12.92328029,13.060188233,301564,12.28,0.63,14430a88cd8522f1c20a458f75496cda50e8ac0a0adc22b34003e4a23bede09a,917afac698869d621bd6c1e46259eb7d426bc2a3a5c66d74d8c299ef8da37c88,5047080536430,5060003816720
last-candidates,warmup,calls-and-copies,10.111885994,10.050144536,292968,9.69,0.4,2ff6390f2b32dde46fc99a4f1e3f95d29bfde87d31926033fbaf9a3d245de64b,405fd3ed1b1392b56571a4292fc92ea42406963cfd04006d2670eebee3aa01cd,5060250097471,5070361983465
last-candidates,warmup,keep-registers,9.697820639,9.607456923,292604,9.3,0.36,69d3f7577a6d148968ebe51b85eb8fbf1d2912e8ff537c9783b206bde20236bc,b7655d843990910833b74af1afa91f268b109b19dbf85bc568a6bbcee495a2d6,5070604013112,5080301833751
last-candidates,warmup,byte-fill,9.944132898,10.086125176,292600,9.47,0.45,b8855bcada2641d400baa0cba7a4e990386deafc522c4e3fae1fc3d9ef9e5aa0,b7655d843990910833b74af1afa91f268b109b19dbf85bc568a6bbcee495a2d6,5080536340079,5090480472977
last-candidates,pair1,main,12.795644452,12.748890688,301436,12.35,0.42,14430a88cd8522f1c20a458f75496cda50e8ac0a0adc22b34003e4a23bede09a,917afac698869d621bd6c1e46259eb7d426bc2a3a5c66d74d8c299ef8da37c88,5090716276335,5103511920787
last-candidates,pair1,calls-and-copies,10.312913334,10.249693643,292968,9.88,0.41,2ff6390f2b32dde46fc99a4f1e3f95d29bfde87d31926033fbaf9a3d245de64b,405fd3ed1b1392b56571a4292fc92ea42406963cfd04006d2670eebee3aa01cd,5103746639691,5114059553025
last-candidates,pair1,keep-registers,9.93745202,10.058686186,292732,9.54,0.38,69d3f7577a6d148968ebe51b85eb8fbf1d2912e8ff537c9783b206bde20236bc,b7655d843990910833b74af1afa91f268b109b19dbf85bc568a6bbcee495a2d6,5114291255911,5124228707931
last-candidates,pair1,byte-fill,10.239962275,10.190644549,292728,9.81,0.4,b8855bcada2641d400baa0cba7a4e990386deafc522c4e3fae1fc3d9ef9e5aa0,b7655d843990910833b74af1afa91f268b109b19dbf85bc568a6bbcee495a2d6,5124510570734,5134750533009
last-candidates,pair2,byte-fill,10.131274095,10.042523681,292472,9.73,0.38,b8855bcada2641d400baa0cba7a4e990386deafc522c4e3fae1fc3d9ef9e5aa0,b7655d843990910833b74af1afa91f268b109b19dbf85bc568a6bbcee495a2d6,5134992265161,5145123539256
last-candidates,pair2,keep-registers,10.201290386,10.337386728,292732,9.82,0.35,69d3f7577a6d148968ebe51b85eb8fbf1d2912e8ff537c9783b206bde20236bc,b7655d843990910833b74af1afa91f268b109b19dbf85bc568a6bbcee495a2d6,5145362938315,5155564228701
last-candidates,pair2,calls-and-copies,10.270054894,10.226262973,292968,9.81,0.43,2ff6390f2b32dde46fc99a4f1e3f95d29bfde87d31926033fbaf9a3d245de64b,405fd3ed1b1392b56571a4292fc92ea42406963cfd04006d2670eebee3aa01cd,5155847465367,5166117520261
last-candidates,pair2,main,12.952412609,12.911615571,301436,12.53,0.39,14430a88cd8522f1c20a458f75496cda50e8ac0a0adc22b34003e4a23bede09a,917afac698869d621bd6c1e46259eb7d426bc2a3a5c66d74d8c299ef8da37c88,5166356177364,5179308589973
last-candidates,pair3,main,12.988212906,13.061364264,301308,12.59,0.38,14430a88cd8522f1c20a458f75496cda50e8ac0a0adc22b34003e4a23bede09a,917afac698869d621bd6c1e46259eb7d426bc2a3a5c66d74d8c299ef8da37c88,5179548553943,5192536766849
last-candidates,pair3,calls-and-copies,9.851317209,9.78272766,292968,9.43,0.39,2ff6390f2b32dde46fc99a4f1e3f95d29bfde87d31926033fbaf9a3d245de64b,405fd3ed1b1392b56571a4292fc92ea42406963cfd04006d2670eebee3aa01cd,5192779578306,5202630895515
last-candidates,pair3,keep-registers,10.061419293,10.061337565,292604,9.64,0.39,69d3f7577a6d148968ebe51b85eb8fbf1d2912e8ff537c9783b206bde20236bc,b7655d843990910833b74af1afa91f268b109b19dbf85bc568a6bbcee495a2d6,5202862380965,5212923800258
last-candidates,pair3,byte-fill,10.029613128,10.096424451,292728,9.68,0.33,b8855bcada2641d400baa0cba7a4e990386deafc522c4e3fae1fc3d9ef9e5aa0,b7655d843990910833b74af1afa91f268b109b19dbf85bc568a6bbcee495a2d6,5213170268389,5223199881517
final-comparison,warmup,main,13.066551688,13.103571091,301436,12.54,0.5,14430a88cd8522f1c20a458f75496cda50e8ac0a0adc22b34003e4a23bede09a,e06b957b1d462a4055ebd72c47583d53a553f4bc5166ddb86ae1e99df0234210,5471977740964,5485044292652
final-comparison,warmup,cold-unicode-path,9.872009705,9.799054574,292604,9.42,0.43,5b3341a5be12f2cf44cc9c827bd27a036b6a69fbfff876938ad975f98e0515b2,04c4eac5f502a7c8736b262f46052bd9669e902778de70cd4f11ea73f3eabf08,5485281654278,5495153663983
final-comparison,warmup,cached-branches,9.50842217,9.565196162,289980,9.1,0.39,d4d041c466139411ca48c66af0be25582be650eb6db240d5f4cfa570fd75499a,525d2b5eb4395a279d2f7eefe51b625e7f672a163af6ce95181973fd0aeef2ba,5495415638602,5504924060772
final-comparison,pair1,main,13.129089575,13.140496352,301436,12.69,0.42,14430a88cd8522f1c20a458f75496cda50e8ac0a0adc22b34003e4a23bede09a,e06b957b1d462a4055ebd72c47583d53a553f4bc5166ddb86ae1e99df0234210,5505158929235,5518288018810
final-comparison,pair1,cold-unicode-path,9.898574378,9.821695289,292476,9.49,0.38,5b3341a5be12f2cf44cc9c827bd27a036b6a69fbfff876938ad975f98e0515b2,04c4eac5f502a7c8736b262f46052bd9669e902778de70cd4f11ea73f3eabf08,5518537343030,5528435917408
final-comparison,pair1,cached-branches,9.853704764,9.939628301,290108,9.32,0.52,d4d041c466139411ca48c66af0be25582be650eb6db240d5f4cfa570fd75499a,525d2b5eb4395a279d2f7eefe51b625e7f672a163af6ce95181973fd0aeef2ba,5528674652037,5538528356801
final-comparison,pair2,cached-branches,9.738236652,9.742123119,290108,9.33,0.38,d4d041c466139411ca48c66af0be25582be650eb6db240d5f4cfa570fd75499a,525d2b5eb4395a279d2f7eefe51b625e7f672a163af6ce95181973fd0aeef2ba,5538770696378,5548508933030
final-comparison,pair2,cold-unicode-path,9.983161983,9.911337727,292604,9.58,0.38,5b3341a5be12f2cf44cc9c827bd27a036b6a69fbfff876938ad975f98e0515b2,04c4eac5f502a7c8736b262f46052bd9669e902778de70cd4f11ea73f3eabf08,5548739357079,5558722519062
final-comparison,pair2,main,12.961523038,13.044682563,301436,12.48,0.46,14430a88cd8522f1c20a458f75496cda50e8ac0a0adc22b34003e4a23bede09a,e06b957b1d462a4055ebd72c47583d53a553f4bc5166ddb86ae1e99df0234210,5558960936849,5571922459887
final-comparison,pair3,main,12.757057411,12.724696193,301436,12.35,0.39,14430a88cd8522f1c20a458f75496cda50e8ac0a0adc22b34003e4a23bede09a,e06b957b1d462a4055ebd72c47583d53a553f4bc5166ddb86ae1e99df0234210,5572168495110,5584925552521
final-comparison,pair3,cold-unicode-path,10.022746735,9.938008005,292476,9.54,0.45,5b3341a5be12f2cf44cc9c827bd27a036b6a69fbfff876938ad975f98e0515b2,04c4eac5f502a7c8736b262f46052bd9669e902778de70cd4f11ea73f3eabf08,5585171766818,5595194513553
final-comparison,pair3,cached-branches,9.690964625,9.805733578,289852,9.31,0.35,d4d041c466139411ca48c66af0be25582be650eb6db240d5f4cfa570fd75499a,525d2b5eb4395a279d2f7eefe51b625e7f672a163af6ce95181973fd0aeef2ba,5595478777997,5605169742622
committed-comparison,warmup,main,13.034298238,13.096584038,301436,12.57,0.45,14430a88cd8522f1c20a458f75496cda50e8ac0a0adc22b34003e4a23bede09a,1149418691eb9baf43aeae3f91916826e8595cfe6e3c23eb8fd0baeff56d30f1,6116013974699,6129048272937
committed-comparison,warmup,candidate,9.608952658,9.539538376,290108,9.15,0.42,72be16af9b711d4b3b441ae60a06f726a50f7582aba8eb1bb0e1a43165e161f3,d9cdb00917d06c2013f87db89385a3be5fd754bd524f551778085775bd016ca4,6129283671630,6138892624288
committed-comparison,pair1,main,13.094751364,13.165701323,301564,12.62,0.45,14430a88cd8522f1c20a458f75496cda50e8ac0a0adc22b34003e4a23bede09a,1149418691eb9baf43aeae3f91916826e8595cfe6e3c23eb8fd0baeff56d30f1,6139127779516,6152222530880
committed-comparison,pair1,candidate,9.720610138,9.715633153,289980,9.35,0.35,72be16af9b711d4b3b441ae60a06f726a50f7582aba8eb1bb0e1a43165e161f3,d9cdb00917d06c2013f87db89385a3be5fd754bd524f551778085775bd016ca4,6152464597616,6162185207754
committed-comparison,pair2,candidate,9.57816424,9.504326158,290108,9.15,0.4,72be16af9b711d4b3b441ae60a06f726a50f7582aba8eb1bb0e1a43165e161f3,d9cdb00917d06c2013f87db89385a3be5fd754bd524f551778085775bd016ca4,6162429263313,6172007427553
committed-comparison,pair2,main,12.74020955,12.827626352,301308,12.35,0.36,14430a88cd8522f1c20a458f75496cda50e8ac0a0adc22b34003e4a23bede09a,1149418691eb9baf43aeae3f91916826e8595cfe6e3c23eb8fd0baeff56d30f1,6172276979902,6185017189452
committed-comparison,pair3,main,12.927622975,12.891937401,301180,12.47,0.43,14430a88cd8522f1c20a458f75496cda50e8ac0a0adc22b34003e4a23bede09a,1149418691eb9baf43aeae3f91916826e8595cfe6e3c23eb8fd0baeff56d30f1,6185265434539,6198193057514
committed-comparison,pair3,candidate,9.709770981,9.624655821,289980,9.3,0.39,72be16af9b711d4b3b441ae60a06f726a50f7582aba8eb1bb0e1a43165e161f3,d9cdb00917d06c2013f87db89385a3be5fd754bd524f551778085775bd016ca4,6198435660822,6208145431803
